beforeWord	afterWord	customId
A.P.C.	아페쎄	bcm499
Acne Studios	아크네스튜디오	bcm499
adidas	아디다스	bcm499
adidas by Stella McCartney	아디다스 바이 스텔라맥카트니	bcm499
adidas Yeezy	아디다스 이지	bcm499
Ala?a	알라이아	bcm499
Alaia Eyewear	알라이아	bcm499
Alexander McQueen	알렉산더맥퀸	bcm499
Alexander McQueen Eyewear	알렉산더맥퀸	bcm499
Alexander McQueen Pre-Owned	알렉산더맥퀸	bcm499
Alexander Wang	알렉산더 왕	bcm499
AMI Paris	아미	bcm499
Arc'teryx	아크테릭스	bcm499
ASICS	아식스	bcm499
Autry	오트리	bcm499
Balenciaga	발렌시아가	bcm499
Balenciaga Eyewear	발렌시아가	bcm499
Balenciaga Pre-Owned	발렌시아가	bcm499
Bally	발리	bcm499
Balmain	발망	bcm499
Balmain Eyewear	발망	bcm499
Balmain Pre-Owned	발망	bcm499
Barbour	바버	bcm499
Bell & Ross	벨앤로스	bcm499
Boucheron Eyewear	부쉐론	bcm499
Boucheron Pre-Owned	부쉐론	bcm499
Brunello Cucinelli	브루넬로쿠치넬리	bcm499
Brunello Cucinelli Vintage	브루넬로쿠치넬리	bcm499
Burberry	버버리	bcm499
Burberry Eyewear	버버리	bcm499
Burberry Pre-Owned	버버리	bcm499
Bvlgari	불가리	bcm499
Bvlgari Pre-Owned	불가리	bcm499
BY FAR	바이파	bcm499
C.P. Company	CP컴퍼니	bcm499
C.P. Company Pre-Owned	CP컴퍼니	bcm499
Calvin Klein	캘빈클라인	bcm499
Calvin Klein Jeans	캘빈클라인 진	bcm499
Camper	캠퍼	bcm499
Canada Goose	캐나다구스	bcm499
Carhartt WIP	칼하트	bcm499
Cartier	까르띠에	bcm499
Cartier Eyewear	까르띠에	bcm499
Celine Pre-Owned	셀린느	bcm499
CHANEL Pre-Owned	샤넬	bcm499
Chlo?	끌로에	bcm499
Chlo? Eyewear	끌로에	bcm499
Chlo? Pre-Owned	끌로에	bcm499
Chopard Eyewear	쇼파드	bcm499
Chopard Pre-Owned	쇼파드	bcm499
Christian Dior Pre-Owned	디올	bcm499
Comme Des Gar?ons	꼼데가르송	bcm499
Comme Des Gar?ons Comme Des Gar?ons	꼼데가르송	bcm499
Comme Des Gar?ons Girl	꼼데가르송	bcm499
Comme Des Gar?ons Shirt	꼼데가르송	bcm499
Comme Des Gar?ons Wallet	꼼데가르송	bcm499
Comme des Gar?ons x Salomon	꼼데가르송 x 살로몬	bcm499
Common Projects	커먼 프로젝트	bcm499
Courr?ges	꾸레쥬	bcm499
Courr?ges Pre-Owned	꾸레쥬	bcm499
Damiani	다미아니	bcm499
Diesel	디젤	bcm499
Dolce & Gabbana	돌체앤가바나	bcm499
Dolce & Gabbana Eyewear	돌체앤가바나	bcm499
Dolce & Gabbana Pre-Owned	돌체앤가바나	bcm499
DRAGON DIFFUSION	드래곤디퓨전	bcm499
DRIES VAN NOTEN	드리스반노튼	bcm499
DSQUARED2	디스퀘어드2	bcm499
DSQUARED2 EYEWEAR	디스퀘어드2	bcm499
Emporio Armani	엠포리오아르마니	bcm499
Emporio Armani Pre-Owned	엠포리오아르마니	bcm499
Fear Of God	피어오브갓	bcm499
FEAR OF GOD ESSENTIALS	피어오브갓 에센셜	bcm499
FENDI	펜디	bcm499
Fendi Pre-Owned	펜디	bcm499
Ferragamo	페라가모	bcm499
Ferragamo Eyewear	페라가모	bcm499
Ferragamo Pre-Owned	페라가모	bcm499
GANNI	가니	bcm499
Givenchy	지방시	bcm499
Givenchy Eyewear	지방시	bcm499
Givenchy Pre-Owned	지방시	bcm499
Golden Goose	골든구스	bcm499
Gucci	구찌	bcm499
Gucci Eyewear	구찌	bcm499
Gucci Pre-Owned	구찌	bcm499
Herm?s?Pre-Owned	에르메스	bcm499
Herno	에르노	bcm499
ISABEL MARANT	이자벨마랑	bcm499
Isabel Marant Eyewear	이자벨마랑	bcm499
Issey Miyake	이세이미야케	bcm499
Issey Miyake Pre-Owned	이세이미야케	bcm499
IWC Schaffhausen	IWC 샤프하우젠	bcm499
Jacquemus	자크뮈스	bcm499
Jacquemus Pre-Owned	자크뮈스	bcm499
Jil Sander	질샌더	bcm499
Jil Sander Pre-Owned	질샌더	bcm499
Jimmy Choo	지미추	bcm499
Jimmy Choo Eyewear	지미추	bcm499
Jimmy Choo Pre-Owned	지미추	bcm499
Jordan	조던	bcm499
Kenzo	겐조	bcm499
Kurt Geiger	커트가이거	bcm499
Kurt Geiger London	커트가이거	bcm499
LEMAIRE	르메르	bcm499
LOEWE	로에베	bcm499
Loewe Pre-Owned	로에베	bcm499
Longchamp	롱샴	bcm499
Loro Piana	로로피아나	bcm499
Loro Piana Pre-Owned	로로피아나	bcm499
Maison Kitsun?	메종키츠네	bcm499
Maison Margiela	메종마르지엘라	bcm499
Maje	마쥬	bcm499
MARANT ?TOILE	이자벨마랑 에뚜왈	bcm499
Marc Jacobs	마크제이콥스	bcm499
Marni	마르니	bcm499
Max Mara	막스마라	bcm499
Max Mara Eyewear	막스마라	bcm499
Michael Kors	마이클코어스	bcm499
Miu Miu	미우미우	bcm499
Miu Miu Eyewear	미우미우	bcm499
Miu Miu Pre-Owned	미우미우	bcm499
MM6 Maison Margiela	MM6메종마르지엘라	bcm499
MM6 Maison Margiela X Salomon	MM6메종마르지엘라 X 살로몬	bcm499
Moncler	몽클레어	bcm499
Moncler + Rick Owens	몽클레어 x 릭오웬스	bcm499
Moncler Eyewear	몽클레어	bcm499
Moncler Grenoble	몽클레어 그레노블	bcm499
Moncler x Poldo	몽클레어 x 폴도	bcm499
Montblanc	몽블랑	bcm499
Moose Knuckles	무스너클	bcm499
New Balance	뉴발란스	bcm499
Nike	나이키	bcm499
Off-White	오프화이트	bcm499
Off-White Eyewear	오프화이트	bcm499
Off-White Pre-Owned	오프화이트	bcm499
OMEGA	오메가	bcm499
OUR LEGACY	아워레가시	bcm499
Piaget	피아제	bcm499
PINKO	핀코	bcm499
Polo Ralph Lauren	폴로랄프로렌	bcm499
Prada	프라다	bcm499
Prada Eyewear	프라다	bcm499
Prada Pre-Owned	프라다	bcm499
Ray-Ban	레이밴	bcm499
RED Valentino	발렌티노	bcm499
Rick Owens	릭오웬스	bcm499
Rick Owens DRKSHDW	릭오웬스 DRKSHDW	bcm499
Rick Owens Vintage	릭오웬스	bcm499
Roger Vivier	로저비비에	bcm499
Saint Laurent	생로랑	bcm499
Saint Laurent Eyewear	생로랑	bcm499
Saint Laurent Pre-Owned	생로랑	bcm499
SANDRO	산드로	bcm499
See by Chlo?	끌로에	bcm499
See By Chlo? Vintage	끌로에	bcm499
Stella McCartney	스텔라맥카트니	bcm499
Stella McCartney Eyewear	스텔라맥카트니	bcm499
Stella McCartney Pre-Owned	스텔라맥카트니	bcm499
Stone Island	스톤아일랜드	bcm499
St?ssy	스투시	bcm499
TAG Heuer	태그호이어	bcm499
TAG Heuer Pre-Owned	태그호이어	bcm499
TASAKI	타사키	bcm499
The Row	더로우	bcm499
The Row Pre-Owned	더로우	bcm499
Theory	띠어리	bcm499
Thom Browne	톰브라운	bcm499
Thom Browne Eyewear	톰브라운	bcm499
Tiffany & Co Eyewear	티파니앤코	bcm499
Tiffany & Co\.	티파니앤코	bcm499
Tiffany & Co\. Pre-Owned	티파니앤코	bcm499
Tod's	토즈	bcm499
TOM FORD	톰포드	bcm499
TOM FORD Eyewear	톰포드	bcm499
Tom Ford Pre-Owned	톰포드	bcm499
Tory Burch	토리버치	bcm499
TOTEME	토템	bcm499
UGG	어그	bcm499
Vacheron Constantin	바쉐론 콘스탄틴	bcm499
Valentino Garavani	발렌티노가라바니	bcm499
VALENTINO GARAVANI EYEWEAR	발렌티노가라바니	bcm499
Valentino Garavani Pre-Owned	발렌티노가라바니	bcm499
Valentino Pre-Owned	발렌티노	bcm499
Van Cleef & Arpels	반클리프 아펠	bcm499
Van Cleef & Arpels Pre-Owned	반클리프 아펠	bcm499
Van Cleef & Arpels Vintage	반클리프 아펠	bcm499
Versace	베르사체	bcm499
Versace Eyewear	베르사체	bcm499
Versace Jeans Couture	베르사체	bcm499
Versace Pre-Owned	베르사체	bcm499
VETEMENTS	베트멍	bcm499
Weekend Max Mara	막스마라	bcm499
'S Max Mara	막스마라	bcm499
Nike X Off-White	나이키 X 오프화이트	bcm499
Tom Ford Vintage	톰포드	bcm499
Eyewear	아이웨어	bcm499
Pre-Owned	중고	bcm499
Vintage	빈티지	bcm499
