id,beforeWord,afterWord,customId
"1","A.P.C.","아페쎄","bcm499"
"2","Acne Studios","아크네 스튜디오","bcm499"
"3","adidas","아디다스","bcm499"
"4","adidas by Stella McCartney","아디다스 바이 스텔라 맥카트니","bcm499"
"5","adidas Yeezy","아디다스 이지","bcm499"
"6","Alaïa","알라이아","bcm499"
"7","Alaia Eyewear","알라이아 아이웨어","bcm499"
"8","Alexander McQueen","알렉산더 맥퀸","bcm499"
"9","Alexander McQueen Eyewear","알렉산더 맥퀸 아이웨어","bcm499"
"10","Alexander McQueen Pre-Owned","알렉산더 맥퀸 프리오운드","bcm499"
"11","Alexander Wang","알렉산더 왕","bcm499"
"12","AMI Paris","아미 파리","bcm499"
"13","Arc'teryx","아크테릭스","bcm499"
"14","ASICS","아식스","bcm499"
"15","Auralee","오라리","bcm499"
"16","Autry","오트리","bcm499"
"17","Balenciaga","발렌시아가","bcm499"
"18","Balenciaga Eyewear","발렌시아가 아이웨어","bcm499"
"19","Balenciaga Pre-Owned","발렌시아가 프리오운드","bcm499"
"20","Bally","발리","bcm499"
"21","Balmain","발망","bcm499"
"22","Balmain Eyewear","발망 아이웨어","bcm499"
"23","Balmain Pre-Owned","발망 프리오운드","bcm499"
"24","Barbour","바버","bcm499"
"25","Bell & Ross","벨앤로스","bcm499"
"26","Boucheron Eyewear","부쉐론 아이웨어","bcm499"
"27","Boucheron Pre-Owned","부쉐론 프리오운드","bcm499"
"28","Brunello Cucinelli","브루넬로 쿠치넬리","bcm499"
"29","Brunello Cucinelli Vintage","브루넬로 쿠치넬리 빈티지","bcm499"
"30","Burberry","버버리","bcm499"
"31","Burberry Eyewear","버버리 아이웨어","bcm499"
"32","Burberry Pre-Owned","버버리 프리오운드","bcm499"
"33","Bvlgari","불가리","bcm499"
"34","Bvlgari Pre-Owned","불가리 프리오운드","bcm499"
"35","BY FAR","바이파","bcm499"
"36","C.P. Company","씨피 컴퍼니","bcm499"
"37","C.P. Company Pre-Owned","씨피 컴퍼니 프리오운드","bcm499"
"38","Calvin Klein","캘빈 클라인","bcm499"
"39","Calvin Klein Jeans","캘빈 클라인 진","bcm499"
"40","Camper","캠퍼","bcm499"
"41","Canada Goose","캐나다구스","bcm499"
"42","Carhartt WIP","칼하트 WIP","bcm499"
"43","Cartier","까르띠에","bcm499"
"44","Cartier Eyewear","까르띠에 아이웨어","bcm499"
"45","Celine Pre-Owned","셀린느 프리오운드","bcm499"
"46","CHANEL Pre-Owned","샤넬 프리오운드","bcm499"
"47","Chloé","끌로에","bcm499"
"48","Chloé Eyewear","끌로에 아이웨어","bcm499"
"49","Chloé Pre-Owned","끌로에 프리오운드","bcm499"
"50","Chopard Eyewear","쇼파드 아이웨어","bcm499"
"51","Chopard Pre-Owned","쇼파드 프리오운드","bcm499"
"52","Christian Dior Pre-Owned","Christian 디올 프리오운드","bcm499"
"53","Comme Des Garçons","꼼데가르송","bcm499"
"54","Comme Des Garçons Comme Des Garçons","꼼데가르송 꼼데가르송","bcm499"
"55","Comme Des Garçons Girl","꼼데가르송 Girl","bcm499"
"56","Comme Des Garçons Shirt","꼼데가르송 Shirt","bcm499"
"57","Comme Des Garçons Wallet","꼼데가르송 Wallet","bcm499"
"58","Comme des Garçons x Salomon","꼼데가르송 x Salomon","bcm499"
"59","Common Projects","커먼 프로젝트","bcm499"
"60","Courrèges","꾸레쥬","bcm499"
"61","Courrèges Pre-Owned","꾸레쥬 프리오운드","bcm499"
"62","Damiani","다미아니","bcm499"
"63","Diesel","디젤","bcm499"
"64","Dolce & Gabbana","돌체앤가바나","bcm499"
"65","Dolce & Gabbana Eyewear","돌체앤가바나 아이웨어","bcm499"
"66","Dolce & Gabbana Pre-Owned","돌체앤가바나 프리오운드","bcm499"
"67","DRAGON DIFFUSION","드래곤 디퓨전","bcm499"
"68","DRIES VAN NOTEN","드리스 반 노튼","bcm499"
"69","DSQUARED2","디스퀘어드2","bcm499"
"70","DSQUARED2 EYEWEAR","디스퀘어드2 아이웨어","bcm499"
"71","Emporio Armani","엠포리오 아르마니","bcm499"
"72","Emporio Armani Pre-Owned","엠포리오 아르마니 프리오운드","bcm499"
"73","Fear Of God","피어오브갓","bcm499"
"74","FEAR OF GOD ESSENTIALS","피어오브갓 에센셜","bcm499"
"75","FENDI","펜디","bcm499"
"76","Fendi Pre-Owned","펜디 프리오운드","bcm499"
"77","Ferragamo","페라가모","bcm499"
"78","Ferragamo Eyewear","페라가모 아이웨어","bcm499"
"79","Ferragamo Pre-Owned","페라가모 프리오운드","bcm499"
"80","GANNI","가니","bcm499"
"81","Givenchy","지방시","bcm499"
"82","Givenchy Eyewear","지방시 아이웨어","bcm499"
"83","Givenchy Pre-Owned","지방시 프리오운드","bcm499"
"84","Golden Goose","골든구스","bcm499"
"85","Gucci","구찌","bcm499"
"86","Gucci Eyewear","구찌 아이웨어","bcm499"
"87","Gucci Pre-Owned","구찌 프리오운드","bcm499"
"88","Hermès Pre-Owned","에르메스 프리오운드","bcm499"
"89","Herno","에르노","bcm499"
"90","ISABEL MARANT","이자벨 마랑","bcm499"
"91","Isabel Marant Eyewear","이자벨 마랑 아이웨어","bcm499"
"92","Issey Miyake","이세이 미야케","bcm499"
"93","Issey Miyake Pre-Owned","이세이 미야케 프리오운드","bcm499"
"94","IWC Schaffhausen","IWC 샤프하우젠","bcm499"
"95","Jacquemus","자크뮈스","bcm499"
"96","Jacquemus Pre-Owned","자크뮈스 프리오운드","bcm499"
"97","Jil Sander","질샌더","bcm499"
"98","Jil Sander Pre-Owned","질샌더 프리오운드","bcm499"
"99","Jimmy Choo","지미추","bcm499"
"100","Jimmy Choo Eyewear","지미추 아이웨어","bcm499"
"101","Jimmy Choo Pre-Owned","지미추 프리오운드","bcm499"
"102","Jordan","조던","bcm499"
"103","Kenzo","겐조","bcm499"
"104","KHAITE","케이트","bcm499"
"105","Kurt Geiger","커트 가이거","bcm499"
"106","Kurt Geiger London","커트 가이거 런던","bcm499"
"107","LEMAIRE","르메르","bcm499"
"108","LOEWE","로에베","bcm499"
"109","Loewe Pre-Owned","로에베 프리오운드","bcm499"
"110","Longchamp","롱샴","bcm499"
"111","Loro Piana","로로피아나","bcm499"
"112","Loro Piana Pre-Owned","로로피아나 프리오운드","bcm499"
"113","Maison Kitsuné","메종 키츠네","bcm499"
"114","Maison Margiela","메종 마르지엘라","bcm499"
"115","Maje","마쥬","bcm499"
"116","MARANT ÉTOILE","이자벨 마랑 에뚜왈","bcm499"
"117","Marc Jacobs","마크 제이콥스","bcm499"
"118","Marni","마르니","bcm499"
"119","Max Mara","막스마라","bcm499"
"120","Max Mara Eyewear","막스마라 아이웨어","bcm499"
"121","Michael Kors","마이클 코어스","bcm499"
"122","Miu Miu","미우미우","bcm499"
"123","Miu Miu Eyewear","미우미우 아이웨어","bcm499"
"124","Miu Miu Pre-Owned","미우미우 프리오운드","bcm499"
"125","MM6 Maison Margiela","MM6 메종 마르지엘라","bcm499"
"126","MM6 Maison Margiela X Salomon","MM6 메종 마르지엘라 X Salomon","bcm499"
"127","Moncler","몽클레르","bcm499"
"128","Moncler + Rick Owens","몽클레르 + 릭 오웬스","bcm499"
"129","Moncler Eyewear","몽클레르 아이웨어","bcm499"
"130","Moncler Grenoble","몽클레르 그레노블","bcm499"
"131","Moncler x Poldo","몽클레르 x Poldo","bcm499"
"132","Montblanc","몽블랑","bcm499"
"133","Moose Knuckles","무스너클","bcm499"
"134","New Balance","뉴발란스","bcm499"
"135","Nike","나이키","bcm499"
"136","Off-White","오프화이트","bcm499"
"137","Off-White Eyewear","오프화이트 아이웨어","bcm499"
"138","Off-White Pre-Owned","오프화이트 프리오운드","bcm499"
"139","OMEGA","오메가","bcm499"
"140","OUR LEGACY","아워레가시","bcm499"
"141","Piaget","피아제","bcm499"
"142","PINKO","핑코","bcm499"
"143","Polo Ralph Lauren","폴로 랄프 로렌","bcm499"
"144","Prada","프라다","bcm499"
"145","Prada Eyewear","프라다 아이웨어","bcm499"
"146","Prada Pre-Owned","프라다 프리오운드","bcm499"
"147","Ray-Ban","레이밴","bcm499"
"148","RED Valentino","레드 발렌티노","bcm499"
"149","Rick Owens","릭 오웬스","bcm499"
"150","Rick Owens DRKSHDW","릭 오웬스 DRKSHDW","bcm499"
"151","Rick Owens Vintage","릭 오웬스 빈티지","bcm499"
"152","Roger Vivier","로저 비비에","bcm499"
"153","Saint Laurent","생로랑","bcm499"
"154","Saint Laurent Eyewear","생로랑 아이웨어","bcm499"
"155","Saint Laurent Pre-Owned","생로랑 프리오운드","bcm499"
"156","SANDRO","산드로","bcm499"
"157","See by Chloé","See by 끌로에","bcm499"
"158","See By Chloé Vintage","See By 끌로에 빈티지","bcm499"
"159","Stella McCartney","스텔라 맥카트니","bcm499"
"160","Stella McCartney Eyewear","스텔라 맥카트니 아이웨어","bcm499"
"161","Stella McCartney Pre-Owned","스텔라 맥카트니 프리오운드","bcm499"
"162","Stone Island","스톤 아일랜드","bcm499"
"163","Stüssy","스투시","bcm499"
"164","TAG Heuer","태그호이어","bcm499"
"165","TAG Heuer Pre-Owned","태그호이어 프리오운드","bcm499"
"166","TASAKI","타사키","bcm499"
"167","The Row","더로우","bcm499"
"168","The Row Pre-Owned","더로우 프리오운드","bcm499"
"169","Theory","띠어리","bcm499"
"170","Thom Browne","톰브라운","bcm499"
"171","Thom Browne Eyewear","톰브라운 아이웨어","bcm499"
"172","Tiffany & Co Eyewear","티파니앤코 아이웨어","bcm499"
"173","Tiffany & Co.","티파니앤코","bcm499"
"174","Tiffany & Co. Pre-Owned","티파니앤코 프리오운드","bcm499"
"175","Tod's","토즈","bcm499"
"176","TOM FORD","톰포드","bcm499"
"177","TOM FORD Eyewear","톰포드 아이웨어","bcm499"
"178","Tom Ford Pre-Owned","톰포드 프리오운드","bcm499"
"179","Tory Burch","토리버치","bcm499"
"180","TOTEME","토템","bcm499"
"181","UGG","어그","bcm499"
"182","Vacheron Constantin","바쉐론 콘스탄틴","bcm499"
"183","Valentino Garavani","발렌티노 가라바니","bcm499"
"184","VALENTINO GARAVANI EYEWEAR","발렌티노 가라바니 아이웨어","bcm499"
"185","Valentino Garavani Pre-Owned","발렌티노 가라바니 프리오운드","bcm499"
"186","Valentino Pre-Owned","발렌티노 프리오운드","bcm499"
"187","Van Cleef & Arpels","반클리프 아펠","bcm499"
"188","Van Cleef & Arpels Pre-Owned","반클리프 아펠 프리오운드","bcm499"
"189","Van Cleef & Arpels Vintage","반클리프 아펠 빈티지","bcm499"
"190","Versace","베르사체","bcm499"
"191","Versace Eyewear","베르사체 아이웨어","bcm499"
"192","Versace Jeans Couture","베르사체 진 쿠튀르","bcm499"
"193","Versace Pre-Owned","베르사체 프리오운드","bcm499"
"194","VETEMENTS","베트멍","bcm499"
"195","Weekend Max Mara","Weekend 막스마라","bcm499"
"196","'S Max Mara","'S 막스마라","bcm499"
"197","Nike X Off-White","나이키 X 오프화이트","bcm499"
"198","Tom Ford Vintage","톰포드 빈티지","bcm499"