beforeWord,afterWord,customId
"A\.P\.C\.","???","bcm499"
"Acne Studios","??? ????","bcm499"
"Alaia Eyewear","???? ????","bcm499"
"Alexander McQueen","???? ??","bcm499"
"Alexander McQueen Eyewear","???? ?? ????","bcm499"
"Alexander McQueen Pre-Owned","???? ?? ?????","bcm499"
"Alexander Wang","???? ?","bcm499"
"AllSaints","????","bcm499"
"AMI Paris","?? ??","bcm499"
"AMIRI","???","bcm499"
"Anya Hindmarch","?? ????","bcm499"
"Aquazzura","?????","bcm499"
"AQUAZZURA CASA","????? ??","bcm499"
"Arc'teryx","?????","bcm499"
"Audemars Piguet","??? ??","bcm499"
"Audemars Piguet pre owned","??? ?? ?????","bcm499"
"Auralee","???","bcm499"
"Autry","???","bcm499"
"Axel Arigato","?? ????","bcm499"
"Balenciaga","?????","bcm499"
"Balenciaga Eyewear","????? ????","bcm499"
"Balenciaga Pre-Owned","????? ?????","bcm499"
"Bottega Veneta Pre-Owned","??? ??? ?????","bcm499"
"Brunello Cucinelli","???? ????","bcm499"
"Brunello Cucinelli Vintage","???? ???? ???","bcm499"
"Burberry","???","bcm499"
"Burberry Eyewear","??? ????","bcm499"
"Burberry Kids","??? ??","bcm499"
"Burberry Pre-Owned","??? ?????","bcm499"
"Canada Goose","?????","bcm499"
"Cartier","????","bcm499"
"Cartier Eyewear","???? ????","bcm499"
"Casablanca","?????","bcm499"
"CASABLANCA KIDS","????? ??","bcm499"
"Celine Pre-Owned","??? ?????","bcm499"
"Christian Louboutin","???? ???","bcm499"
"Christian Louboutin Pre-Owned","???? ??? ?????","bcm499"
"Dolce & Gabbana","??????","bcm499"
"Dolce & Gabbana Eyewear","?????? ????","bcm499"
"Dolce & Gabbana Kids","?????? ??","bcm499"
"Dolce & Gabbana Pre-Owned","?????? ?????","bcm499"
"DRIES VAN NOTEN","??? ? ??","bcm499"
"Dries Van Noten Pre-Owned","??? ? ?? ?????","bcm499"
"Ermenegildo Zegna Vintage","?????? ?? ???","bcm499"
"FENDI","??","bcm499"
"Fendi Pre-Owned","?? ?????","bcm499"
"Ferragamo","????","bcm499"
"Ferragamo Eyewear","???? ????","bcm499"
"Ferragamo Pre-Owned","???? ?????","bcm499"
"GANNI","??","bcm499"
"Gianvito Rossi","???? ??","bcm499"
"Givenchy","???","bcm499"
"Givenchy Eyewear","??? ????","bcm499"
"Givenchy Pre-Owned","??? ?????","bcm499"
"Golden Goose","????","bcm499"
"Gucci","??","bcm499"
"Gucci Eyewear","?? ????","bcm499"
"Gucci Pre-Owned","?? ?????","bcm499"
"Herno","???","bcm499"
"Herno Kids","??? ??","bcm499"
"ISABEL MARANT","??? ??","bcm499"
"Isabel Marant Eyewear","??? ?? ????","bcm499"
"Jacquemus","????","bcm499"
"Jacquemus Pre-Owned","???? ?????","bcm499"
"Jil Sander","???","bcm499"
"Jil Sander Pre-Owned","??? ?????","bcm499"
"JIL SANDER\+","???+","bcm499"
"KHAITE","???","bcm499"
"KHAITE Pre-Owned","??? ?????","bcm499"
"Lauren Ralph Lauren","?? ?? ??","bcm499"
"LEMAIRE","???","bcm499"
"LOEWE","???","bcm499"
"Loewe Pre-Owned","??? ?????","bcm499"
"Longchamp","??","bcm499"
"Loro Piana","?????","bcm499"
"Loro Piana Pre-Owned","????? ?????","bcm499"
"Louis Vuitton Pre-Owned","???? ?????","bcm499"
"Maison Margiela","?? ?????","bcm499"
"Maje","??","bcm499"
"MARIO VALENTINO","??? ????","bcm499"
"Marni","???","bcm499"
"Marni Eyewear","??? ????","bcm499"
"Marni Pre-Owned","??? ?????","bcm499"
"Max Mara","????","bcm499"
"Max Mara Eyewear","???? ????","bcm499"
"MCM","???","bcm499"
"MCM Pre-Owned","??? ?????","bcm499"
"Missoni","???","bcm499"
"MISSONI EYEWEAR","??? ????","bcm499"
"Missoni Home","??? ?","bcm499"
"Missoni Pre-Owned","??? ?????","bcm499"
"Miu Miu","????","bcm499"
"Miu Miu Eyewear","???? ????","bcm499"
"Miu Miu Pre-Owned","???? ?????","bcm499"
"Moncler","????","bcm499"
"Moncler \+ Rick Owens","???? + ? ???","bcm499"
"Moncler Eyewear","???? ????","bcm499"
"Moncler Grenoble","???? ????","bcm499"
"OUR LEGACY","?????","bcm499"
"Paco Rabanne Pre-Owned","?? ?? ?????","bcm499"
"Palm Angels","????","bcm499"
"Palm Angels Eyewear","???? ????","bcm499"
"Polo Ralph Lauren","?? ?? ??","bcm499"
"Polo Ralph Lauren Vintage","?? ?? ?? ???","bcm499"
"Prada","???","bcm499"
"Prada Eyewear","??? ????","bcm499"
"Prada Linea Rossa","??? ??? ??","bcm499"
"Prada Pre-Owned","??? ?????","bcm499"
"Pre-Owned Alexander Wang","????? ???? ?","bcm499"
"Rabanne","???","bcm499"
"Ralph Lauren Collection","?? ?? ???","bcm499"
"Ralph Lauren Home","?? ?? ?","bcm499"
"Ralph Lauren Purple Label","?? ?? ?? ??","bcm499"
"Ralph Lauren RRL","?? ?? ????","bcm499"
"RED Valentino","?? ????","bcm499"
"Rick Owens","? ???","bcm499"
"Rick Owens Vintage","? ??? ???","bcm499"
"Roger Vivier","?? ???","bcm499"
"Saint Laurent","???","bcm499"
"Saint Laurent Eyewear","??? ????","bcm499"
"Saint Laurent Pre-Owned","??? ?????","bcm499"
"Salomon","???","bcm499"
"SANDRO","???","bcm499"
"Self-Portrait","???????","bcm499"
"Stella McCartney","??? ????","bcm499"
"Stella McCartney Eyewear","??? ???? ????","bcm499"
"Stella McCartney Pre-Owned","??? ???? ?????","bcm499"
"Stone Island","?? ????","bcm499"
"Stone Island Junior","?? ???? ???","bcm499"
"The Row","???","bcm499"
"The Row Pre-Owned","??? ?????","bcm499"
"Theory","???","bcm499"
"Thom Browne","????","bcm499"
"Thom Browne Eyewear","???? ????","bcm499"
"Tod's","??","bcm499"
"Tod's Vintage","?? ???","bcm499"
"Tory Burch","????","bcm499"
"TOTEME","??","bcm499"
"UGG","??","bcm499"
"Valentino Garavani","???? ????","bcm499"
"VALENTINO GARAVANI EYEWEAR","???? ???? ????","bcm499"
"Valentino Garavani Pre-Owned","???? ???? ?????","bcm499"
"Valentino Pre-Owned","???? ?????","bcm499"
"Valextra","?????","bcm499"
"Versace","????","bcm499"
"Versace Eyewear","???? ????","bcm499"
"Versace Home","???? ?","bcm499"
"Versace Jeans Couture","???? ? ???","bcm499"
"Versace Pre-Owned","???? ?????","bcm499"
"Vivienne Westwood","??? ?????","bcm499"
"Vivienne Westwood Pre-Owned","??? ????? ?????","bcm499"
"Zegna","??","bcm499"
"ZIMMERMANN","???","bcm499"